,Year,Month,temp,Nombre,population,co2_including_luc,cumulative_co2_including_luc
0,1950,1.0,-0.26,2.0,2499322112.0,11428.435,607670.188
1,1951,1.0,-0.34,4.0,2543130368.0,11978.877,619649.062
2,1952,1.0,0.11,2.0,2590270976.0,12190.116,631839.125
3,1953,1.0,0.07,4.0,2640278784.0,12479.874,644319.0
4,1954,1.0,-0.24,3.0,2691979264.0,12793.677,657112.688
5,1955,1.0,0.13,3.0,2746072064.0,13628.81,670741.5
6,1956,1.0,-0.13,0.0,2801002752.0,14315.245,685056.812
7,1957,1.0,-0.09,1.0,2857866752.0,14768.167,699824.938
8,1958,1.0,0.39,4.0,2916108032.0,15192.604,715017.562
9,1959,1.0,0.08,2.0,2970292224.0,15960.473,730978.0
10,1960,1.0,0.0,4.0,3019233536.0,15955.755,746933.75
11,1961,1.0,0.07,1.0,3068370688.0,15524.516,762458.25
12,1962,1.0,0.05,1.0,3126686720.0,15643.748,778102.062
13,1963,1.0,-0.03,4.0,3195779328.0,15924.23,794026.25
14,1964,1.0,-0.09,5.0,3267212288.0,16305.338,810331.625
15,1965,1.0,-0.08,4.0,3337112064.0,16384.297,826715.875
16,1966,1.0,-0.19,12.0,3406416896.0,16714.65,843430.562
17,1967,1.0,-0.07,9.0,3475448064.0,17168.934,860599.5
18,1968,1.0,-0.26,12.0,3546810880.0,17888.312,878487.812
19,1969,1.0,-0.11,7.0,3620655360.0,18433.381,896921.188
20,1970,1.0,0.08,7.0,3695390208.0,19497.402,916418.562
21,1971,1.0,-0.02,10.0,3770163200.0,20091.359,936509.875
22,1972,1.0,-0.22,7.0,3844800768.0,20819.232,957329.188
23,1973,1.0,0.29,7.0,3920251392.0,21533.803,978862.938
24,1974,1.0,-0.1,5.0,3995516928.0,21338.432,1000201.375
25,1975,1.0,0.1,8.0,4069437184.0,21424.682,1021626.062
26,1976,1.0,-0.03,15.0,4142505728.0,22296.721,1043922.812
27,1977,1.0,0.18,12.0,4215772416.0,22910.027,1066832.875
28,1978,1.0,0.06,7.0,4289657600.0,23300.564,1090133.375
29,1979,1.0,0.08,8.0,4365582848.0,23677.932,1113811.375
30,1980,1.0,0.3,10.0,4444007936.0,23585.891,1137397.25
31,1981,1.0,0.53,10.0,4524627456.0,23427.91,1160825.125
32,1982,1.0,0.05,18.0,4607984640.0,23293.379,1184118.5
33,1983,1.0,0.53,13.0,4691884032.0,23811.387,1207929.875
34,1984,1.0,0.31,16.0,4775836160.0,24970.838,1232900.75
35,1985,1.0,0.22,14.0,4861730816.0,25405.865,1258306.5
36,1986,1.0,0.26,8.0,4950063104.0,25744.014,1284050.625
37,1987,1.0,0.32,13.0,5040984576.0,26386.771,1310437.375
38,1988,1.0,0.57,11.0,5132294144.0,27166.314,1337603.625
39,1989,1.0,0.12,16.0,5223704064.0,27279.248,1364882.875
40,1990,1.0,0.41,22.0,5316175872.0,27634.754,1392517.75
41,1991,1.0,0.42,18.0,5406245888.0,28002.021,1420519.625
42,1992,1.0,0.47,19.0,5492686336.0,27470.73,1447990.375
43,1993,1.0,0.34,30.0,5577433600.0,27689.318,1475679.75
44,1994,1.0,0.26,25.0,5660727808.0,28265.32,1503945.0
45,1995,1.0,0.52,17.0,5743219712.0,28746.965,1532692.0
46,1996,1.0,0.24,18.0,5825145344.0,29444.461,1562136.5
47,1997,1.0,0.31,23.0,5906481152.0,31407.445,1593544.0
48,1998,1.0,0.58,28.0,5987312640.0,29699.977,1623243.875
49,1999,1.0,0.48,27.0,6067758592.0,30221.426,1653465.375
50,2000,1.0,0.25,30.0,6148898816.0,30569.545,1684035.0
51,2001,1.0,0.45,36.0,6230747136.0,30407.066,1714442.0
52,2002,1.0,0.77,38.0,6312407552.0,31458.27,1745900.25
53,2003,1.0,0.75,44.0,6393898496.0,33304.418,1779204.625
54,2004,1.0,0.58,32.0,6475751424.0,33998.957,1813203.625
55,2005,1.0,0.74,45.0,6558176256.0,34331.27,1847534.75
56,2006,1.0,0.55,38.0,6641416192.0,35666.414,1883201.375
57,2007,1.0,1.02,47.0,6725948416.0,35943.77,1919145.125
58,2008,1.0,0.3,29.0,6811597312.0,36728.855,1955874.0
59,2009,1.0,0.64,41.0,6898306048.0,36597.754,1992471.625
60,2010,1.0,0.75,35.0,6985603072.0,38202.047,2030673.75
61,2011,1.0,0.52,29.0,7073125376.0,39451.125,2070124.875
62,2012,1.0,0.49,40.0,7161697792.0,39833.223,2109958.0
63,2013,1.0,0.7,41.0,7250593280.0,39947.32,2149905.25
64,2014,1.0,0.76,51.0,7339013632.0,40495.234,2190400.75
65,2015,1.0,0.85,29.0,7426597376.0,40944.281,2231344.75
66,2016,1.0,1.17,25.0,7513474048.0,40052.039,2271397.0
67,2017,1.0,1.02,30.0,7599822336.0,40428.684,2311825.75
68,2018,1.0,0.82,42.0,7683789824.0,41007.867,2352833.5
69,2019,1.0,0.93,38.0,7764951040.0,41639.84,2394473.25
70,2020,1.0,1.17,32.0,7840952832.0,39321.844,2433795.25
71,2021,1.0,0.81,47.0,7909295104.0,41062.895,2474858.0
72,1950,2.0,-0.27,2.0,2499322112.0,11428.435,607670.188
73,1951,2.0,-0.42,3.0,2543130368.0,11978.877,619649.062
74,1952,2.0,0.11,1.0,2590270976.0,12190.116,631839.125
75,1953,2.0,0.15,2.0,2640278784.0,12479.874,644319.0
76,1954,2.0,-0.1,1.0,2691979264.0,12793.677,657112.688
77,1955,2.0,-0.16,4.0,2746072064.0,13628.81,670741.5
78,1956,2.0,-0.24,1.0,2801002752.0,14315.245,685056.812
79,1957,2.0,-0.03,1.0,2857866752.0,14768.167,699824.938
80,1958,2.0,0.22,0.0,2916108032.0,15192.604,715017.562
81,1959,2.0,0.07,2.0,2970292224.0,15960.473,730978.0
82,1960,2.0,0.13,3.0,3019233536.0,15955.755,746933.75
83,1961,2.0,0.19,1.0,3068370688.0,15524.516,762458.25
84,1962,2.0,0.15,2.0,3126686720.0,15643.748,778102.062
85,1963,2.0,0.18,3.0,3195779328.0,15924.23,794026.25
86,1964,2.0,-0.1,1.0,3267212288.0,16305.338,810331.625
87,1965,2.0,-0.17,5.0,3337112064.0,16384.297,826715.875
88,1966,2.0,-0.04,5.0,3406416896.0,16714.65,843430.562
89,1967,2.0,-0.21,6.0,3475448064.0,17168.934,860599.5
90,1968,2.0,-0.14,4.0,3546810880.0,17888.312,878487.812
91,1969,2.0,-0.18,7.0,3620655360.0,18433.381,896921.188
92,1970,2.0,0.22,4.0,3695390208.0,19497.402,916418.562
93,1971,2.0,-0.15,7.0,3770163200.0,20091.359,936509.875
94,1972,2.0,-0.18,6.0,3844800768.0,20819.232,957329.188
95,1973,2.0,0.32,3.0,3920251392.0,21533.803,978862.938
96,1974,2.0,-0.27,4.0,3995516928.0,21338.432,1000201.375
97,1975,2.0,0.08,3.0,4069437184.0,21424.682,1021626.062
98,1976,2.0,-0.06,4.0,4142505728.0,22296.721,1043922.812
99,1977,2.0,0.22,5.0,4215772416.0,22910.027,1066832.875
100,1978,2.0,0.1,10.0,4289657600.0,23300.564,1090133.375
101,1979,2.0,-0.1,7.0,4365582848.0,23677.932,1113811.375
102,1980,2.0,0.39,5.0,4444007936.0,23585.891,1137397.25
103,1981,2.0,0.42,8.0,4524627456.0,23427.91,1160825.125
104,1982,2.0,0.15,5.0,4607984640.0,23293.379,1184118.5
105,1983,2.0,0.43,16.0,4691884032.0,23811.387,1207929.875
106,1984,2.0,0.14,8.0,4775836160.0,24970.838,1232900.75
107,1985,2.0,-0.04,16.0,4861730816.0,25405.865,1258306.5
108,1986,2.0,0.37,6.0,4950063104.0,25744.014,1284050.625
109,1987,2.0,0.43,11.0,5040984576.0,26386.771,1310437.375
110,1988,2.0,0.44,10.0,5132294144.0,27166.314,1337603.625
111,1989,2.0,0.3,8.0,5223704064.0,27279.248,1364882.875
112,1990,2.0,0.44,65.0,5316175872.0,27634.754,1392517.75
113,1991,2.0,0.5,14.0,5406245888.0,28002.021,1420519.625
114,1992,2.0,0.4,10.0,5492686336.0,27470.73,1447990.375
115,1993,2.0,0.37,13.0,5577433600.0,27689.318,1475679.75
116,1994,2.0,0.02,14.0,5660727808.0,28265.32,1503945.0
117,1995,2.0,0.79,8.0,5743219712.0,28746.965,1532692.0
118,1996,2.0,0.46,15.0,5825145344.0,29444.461,1562136.5
119,1997,2.0,0.4,14.0,5906481152.0,31407.445,1593544.0
120,1998,2.0,0.87,17.0,5987312640.0,29699.977,1623243.875
121,1999,2.0,0.64,18.0,6067758592.0,30221.426,1653465.375
122,2000,2.0,0.56,21.0,6148898816.0,30569.545,1684035.0
123,2001,2.0,0.44,25.0,6230747136.0,30407.066,1714442.0
124,2002,2.0,0.78,17.0,6312407552.0,31458.27,1745900.25
125,2003,2.0,0.58,25.0,6393898496.0,33304.418,1779204.625
126,2004,2.0,0.72,19.0,6475751424.0,33998.957,1813203.625
127,2005,2.0,0.6,26.0,6558176256.0,34331.27,1847534.75
128,2006,2.0,0.73,19.0,6641416192.0,35666.414,1883201.375
129,2007,2.0,0.7,14.0,6725948416.0,35943.77,1919145.125
130,2008,2.0,0.38,26.0,6811597312.0,36728.855,1955874.0
131,2009,2.0,0.52,14.0,6898306048.0,36597.754,1992471.625
132,2010,2.0,0.83,34.0,6985603072.0,38202.047,2030673.75
133,2011,2.0,0.48,19.0,7073125376.0,39451.125,2070124.875
134,2012,2.0,0.49,38.0,7161697792.0,39833.223,2109958.0
135,2013,2.0,0.62,18.0,7250593280.0,39947.32,2149905.25
136,2014,2.0,0.55,22.0,7339013632.0,40495.234,2190400.75
137,2015,2.0,0.9,22.0,7426597376.0,40944.281,2231344.75
138,2016,2.0,1.36,21.0,7513474048.0,40052.039,2271397.0
139,2017,2.0,1.13,19.0,7599822336.0,40428.684,2311825.75
140,2018,2.0,0.85,23.0,7683789824.0,41007.867,2352833.5
141,2019,2.0,0.95,20.0,7764951040.0,41639.84,2394473.25
142,2020,2.0,1.24,37.0,7840952832.0,39321.844,2433795.25
143,2021,2.0,0.64,26.0,7909295104.0,41062.895,2474858.0
144,1950,3.0,-0.08,0.0,2499322112.0,11428.435,607670.188
145,1951,3.0,-0.2,0.0,2543130368.0,11978.877,619649.062
146,1952,3.0,-0.08,3.0,2590270976.0,12190.116,631839.125
147,1953,3.0,0.11,2.0,2640278784.0,12479.874,644319.0
148,1954,3.0,-0.15,2.0,2691979264.0,12793.677,657112.688
149,1955,3.0,-0.32,1.0,2746072064.0,13628.81,670741.5
150,1956,3.0,-0.21,6.0,2801002752.0,14315.245,685056.812
151,1957,3.0,-0.05,1.0,2857866752.0,14768.167,699824.938
152,1958,3.0,0.09,1.0,2916108032.0,15192.604,715017.562
153,1959,3.0,0.18,0.0,2970292224.0,15960.473,730978.0
154,1960,3.0,-0.35,1.0,3019233536.0,15955.755,746933.75
155,1961,3.0,0.09,3.0,3068370688.0,15524.516,762458.25
156,1962,3.0,0.1,3.0,3126686720.0,15643.748,778102.062
157,1963,3.0,-0.14,1.0,3195779328.0,15924.23,794026.25
158,1964,3.0,-0.21,5.0,3267212288.0,16305.338,810331.625
159,1965,3.0,-0.13,3.0,3337112064.0,16384.297,826715.875
160,1966,3.0,0.03,10.0,3406416896.0,16714.65,843430.562
161,1967,3.0,0.05,3.0,3475448064.0,17168.934,860599.5
162,1968,3.0,0.2,2.0,3546810880.0,17888.312,878487.812
163,1969,3.0,0.01,4.0,3620655360.0,18433.381,896921.188
164,1970,3.0,0.06,2.0,3695390208.0,19497.402,916418.562
165,1971,3.0,-0.18,5.0,3770163200.0,20091.359,936509.875
166,1972,3.0,0.02,1.0,3844800768.0,20819.232,957329.188
167,1973,3.0,0.29,7.0,3920251392.0,21533.803,978862.938
168,1974,3.0,-0.05,4.0,3995516928.0,21338.432,1000201.375
169,1975,3.0,0.12,6.0,4069437184.0,21424.682,1021626.062
170,1976,3.0,-0.22,2.0,4142505728.0,22296.721,1043922.812
171,1977,3.0,0.24,6.0,4215772416.0,22910.027,1066832.875
172,1978,3.0,0.19,8.0,4289657600.0,23300.564,1090133.375
173,1979,3.0,0.19,5.0,4365582848.0,23677.932,1113811.375
174,1980,3.0,0.3,7.0,4444007936.0,23585.891,1137397.25
175,1981,3.0,0.48,9.0,4524627456.0,23427.91,1160825.125
176,1982,3.0,0.03,16.0,4607984640.0,23293.379,1184118.5
177,1983,3.0,0.41,14.0,4691884032.0,23811.387,1207929.875
178,1984,3.0,0.26,5.0,4775836160.0,24970.838,1232900.75
179,1985,3.0,0.17,12.0,4861730816.0,25405.865,1258306.5
180,1986,3.0,0.3,6.0,4950063104.0,25744.014,1284050.625
181,1987,3.0,0.18,12.0,5040984576.0,26386.771,1310437.375
182,1988,3.0,0.51,14.0,5132294144.0,27166.314,1337603.625
183,1989,3.0,0.36,9.0,5223704064.0,27279.248,1364882.875
184,1990,3.0,0.8,12.0,5316175872.0,27634.754,1392517.75
185,1991,3.0,0.35,23.0,5406245888.0,28002.021,1420519.625
186,1992,3.0,0.48,16.0,5492686336.0,27470.73,1447990.375
187,1993,3.0,0.36,21.0,5577433600.0,27689.318,1475679.75
188,1994,3.0,0.29,14.0,5660727808.0,28265.32,1503945.0
189,1995,3.0,0.46,9.0,5743219712.0,28746.965,1532692.0
190,1996,3.0,0.32,9.0,5825145344.0,29444.461,1562136.5
191,1997,3.0,0.51,16.0,5906481152.0,31407.445,1593544.0
192,1998,3.0,0.63,28.0,5987312640.0,29699.977,1623243.875
193,1999,3.0,0.32,23.0,6067758592.0,30221.426,1653465.375
194,2000,3.0,0.55,17.0,6148898816.0,30569.545,1684035.0
195,2001,3.0,0.55,20.0,6230747136.0,30407.066,1714442.0
196,2002,3.0,0.88,35.0,6312407552.0,31458.27,1745900.25
197,2003,3.0,0.59,21.0,6393898496.0,33304.418,1779204.625
198,2004,3.0,0.63,24.0,6475751424.0,33998.957,1813203.625
199,2005,3.0,0.74,28.0,6558176256.0,34331.27,1847534.75
200,2006,3.0,0.63,28.0,6641416192.0,35666.414,1883201.375
201,2007,3.0,0.72,20.0,6725948416.0,35943.77,1919145.125
202,2008,3.0,0.74,18.0,6811597312.0,36728.855,1955874.0
203,2009,3.0,0.53,13.0,6898306048.0,36597.754,1992471.625
204,2010,3.0,0.92,31.0,6985603072.0,38202.047,2030673.75
205,2011,3.0,0.65,25.0,7073125376.0,39451.125,2070124.875
206,2012,3.0,0.57,17.0,7161697792.0,39833.223,2109958.0
207,2013,3.0,0.67,19.0,7250593280.0,39947.32,2149905.25
208,2014,3.0,0.78,18.0,7339013632.0,40495.234,2190400.75
209,2015,3.0,0.96,36.0,7426597376.0,40944.281,2231344.75
210,2016,3.0,1.35,16.0,7513474048.0,40052.039,2271397.0
211,2017,3.0,1.16,21.0,7599822336.0,40428.684,2311825.75
212,2018,3.0,0.88,22.0,7683789824.0,41007.867,2352833.5
213,2019,3.0,1.17,28.0,7764951040.0,41639.84,2394473.25
214,2020,3.0,1.17,28.0,7840952832.0,39321.844,2433795.25
215,2021,3.0,0.88,29.0,7909295104.0,41062.895,2474858.0
216,1950,4.0,-0.21,1.0,2499322112.0,11428.435,607670.188
217,1951,4.0,-0.14,1.0,2543130368.0,11978.877,619649.062
218,1952,4.0,0.03,0.0,2590270976.0,12190.116,631839.125
219,1953,4.0,0.19,1.0,2640278784.0,12479.874,644319.0
220,1954,4.0,-0.14,2.0,2691979264.0,12793.677,657112.688
221,1955,4.0,-0.22,5.0,2746072064.0,13628.81,670741.5
222,1956,4.0,-0.28,3.0,2801002752.0,14315.245,685056.812
223,1957,4.0,0.0,1.0,2857866752.0,14768.167,699824.938
224,1958,4.0,0.01,0.0,2916108032.0,15192.604,715017.562
225,1959,4.0,0.16,1.0,2970292224.0,15960.473,730978.0
226,1960,4.0,-0.15,2.0,3019233536.0,15955.755,746933.75
227,1961,4.0,0.13,1.0,3068370688.0,15524.516,762458.25
228,1962,4.0,0.05,0.0,3126686720.0,15643.748,778102.062
229,1963,4.0,-0.07,3.0,3195779328.0,15924.23,794026.25
230,1964,4.0,-0.32,3.0,3267212288.0,16305.338,810331.625
231,1965,4.0,-0.19,5.0,3337112064.0,16384.297,826715.875
232,1966,4.0,-0.13,3.0,3406416896.0,16714.65,843430.562
233,1967,4.0,-0.05,4.0,3475448064.0,17168.934,860599.5
234,1968,4.0,-0.06,5.0,3546810880.0,17888.312,878487.812
235,1969,4.0,0.17,4.0,3620655360.0,18433.381,896921.188
236,1970,4.0,0.05,8.0,3695390208.0,19497.402,916418.562
237,1971,4.0,-0.07,2.0,3770163200.0,20091.359,936509.875
238,1972,4.0,0.0,3.0,3844800768.0,20819.232,957329.188
239,1973,4.0,0.27,10.0,3920251392.0,21533.803,978862.938
240,1974,4.0,-0.11,4.0,3995516928.0,21338.432,1000201.375
241,1975,4.0,0.04,8.0,4069437184.0,21424.682,1021626.062
242,1976,4.0,-0.07,5.0,4142505728.0,22296.721,1043922.812
243,1977,4.0,0.26,9.0,4215772416.0,22910.027,1066832.875
244,1978,4.0,0.17,9.0,4289657600.0,23300.564,1090133.375
245,1979,4.0,0.15,9.0,4365582848.0,23677.932,1113811.375
246,1980,4.0,0.3,3.0,4444007936.0,23585.891,1137397.25
247,1981,4.0,0.32,10.0,4524627456.0,23427.91,1160825.125
248,1982,4.0,0.15,11.0,4607984640.0,23293.379,1184118.5
249,1983,4.0,0.27,19.0,4691884032.0,23811.387,1207929.875
250,1984,4.0,0.06,9.0,4775836160.0,24970.838,1232900.75
251,1985,4.0,0.12,8.0,4861730816.0,25405.865,1258306.5
252,1986,4.0,0.22,13.0,4950063104.0,25744.014,1284050.625
253,1987,4.0,0.24,9.0,5040984576.0,26386.771,1310437.375
254,1988,4.0,0.43,8.0,5132294144.0,27166.314,1337603.625
255,1989,4.0,0.29,20.0,5223704064.0,27279.248,1364882.875
256,1990,4.0,0.56,20.0,5316175872.0,27634.754,1392517.75
257,1991,4.0,0.51,22.0,5406245888.0,28002.021,1420519.625
258,1992,4.0,0.27,22.0,5492686336.0,27470.73,1447990.375
259,1993,4.0,0.28,15.0,5577433600.0,27689.318,1475679.75
260,1994,4.0,0.41,14.0,5660727808.0,28265.32,1503945.0
261,1995,4.0,0.46,15.0,5743219712.0,28746.965,1532692.0
262,1996,4.0,0.33,13.0,5825145344.0,29444.461,1562136.5
263,1997,4.0,0.33,20.0,5906481152.0,31407.445,1593544.0
264,1998,4.0,0.63,25.0,5987312640.0,29699.977,1623243.875
265,1999,4.0,0.32,31.0,6067758592.0,30221.426,1653465.375
266,2000,4.0,0.57,20.0,6148898816.0,30569.545,1684035.0
267,2001,4.0,0.5,22.0,6230747136.0,30407.066,1714442.0
268,2002,4.0,0.58,35.0,6312407552.0,31458.27,1745900.25
269,2003,4.0,0.55,28.0,6393898496.0,33304.418,1779204.625
270,2004,4.0,0.61,20.0,6475751424.0,33998.957,1813203.625
271,2005,4.0,0.67,23.0,6558176256.0,34331.27,1847534.75
272,2006,4.0,0.46,40.0,6641416192.0,35666.414,1883201.375
273,2007,4.0,0.76,21.0,6725948416.0,35943.77,1919145.125
274,2008,4.0,0.53,14.0,6811597312.0,36728.855,1955874.0
275,2009,4.0,0.61,20.0,6898306048.0,36597.754,1992471.625
276,2010,4.0,0.84,18.0,6985603072.0,38202.047,2030673.75
277,2011,4.0,0.65,21.0,7073125376.0,39451.125,2070124.875
278,2012,4.0,0.72,27.0,7161697792.0,39833.223,2109958.0
279,2013,4.0,0.53,21.0,7250593280.0,39947.32,2149905.25
280,2014,4.0,0.79,24.0,7339013632.0,40495.234,2190400.75
281,2015,4.0,0.76,37.0,7426597376.0,40944.281,2231344.75
282,2016,4.0,1.1,37.0,7513474048.0,40052.039,2271397.0
283,2017,4.0,0.94,23.0,7599822336.0,40428.684,2311825.75
284,2018,4.0,0.88,18.0,7683789824.0,41007.867,2352833.5
285,2019,4.0,1.01,26.0,7764951040.0,41639.84,2394473.25
286,2020,4.0,1.13,33.0,7840952832.0,39321.844,2433795.25
287,2021,4.0,0.75,39.0,7909295104.0,41062.895,2474858.0
288,1950,5.0,-0.11,2.0,2499322112.0,11428.435,607670.188
289,1951,5.0,0.0,2.0,2543130368.0,11978.877,619649.062
290,1952,5.0,-0.03,0.0,2590270976.0,12190.116,631839.125
291,1953,5.0,0.11,2.0,2640278784.0,12479.874,644319.0
292,1954,5.0,-0.2,1.0,2691979264.0,12793.677,657112.688
293,1955,5.0,-0.2,1.0,2746072064.0,13628.81,670741.5
294,1956,5.0,-0.29,2.0,2801002752.0,14315.245,685056.812
295,1957,5.0,0.09,2.0,2857866752.0,14768.167,699824.938
296,1958,5.0,0.06,2.0,2916108032.0,15192.604,715017.562
297,1959,5.0,0.04,1.0,2970292224.0,15960.473,730978.0
298,1960,5.0,-0.08,6.0,3019233536.0,15955.755,746933.75
299,1961,5.0,0.12,2.0,3068370688.0,15524.516,762458.25
300,1962,5.0,-0.06,2.0,3126686720.0,15643.748,778102.062
301,1963,5.0,-0.06,3.0,3195779328.0,15924.23,794026.25
302,1964,5.0,-0.25,5.0,3267212288.0,16305.338,810331.625
303,1965,5.0,-0.12,3.0,3337112064.0,16384.297,826715.875
304,1966,5.0,-0.12,3.0,3406416896.0,16714.65,843430.562
305,1967,5.0,0.12,5.0,3475448064.0,17168.934,860599.5
306,1968,5.0,-0.14,7.0,3546810880.0,17888.312,878487.812
307,1969,5.0,0.18,2.0,3620655360.0,18433.381,896921.188
308,1970,5.0,-0.03,5.0,3695390208.0,19497.402,916418.562
309,1971,5.0,-0.05,6.0,3770163200.0,20091.359,936509.875
310,1972,5.0,-0.03,4.0,3844800768.0,20819.232,957329.188
311,1973,5.0,0.22,1.0,3920251392.0,21533.803,978862.938
312,1974,5.0,-0.04,6.0,3995516928.0,21338.432,1000201.375
313,1975,5.0,0.16,4.0,4069437184.0,21424.682,1021626.062
314,1976,5.0,-0.21,8.0,4142505728.0,22296.721,1043922.812
315,1977,5.0,0.33,10.0,4215772416.0,22910.027,1066832.875
316,1978,5.0,0.09,9.0,4289657600.0,23300.564,1090133.375
317,1979,5.0,0.04,12.0,4365582848.0,23677.932,1113811.375
318,1980,5.0,0.35,6.0,4444007936.0,23585.891,1137397.25
319,1981,5.0,0.25,8.0,4524627456.0,23427.91,1160825.125
320,1982,5.0,0.18,10.0,4607984640.0,23293.379,1184118.5
321,1983,5.0,0.34,17.0,4691884032.0,23811.387,1207929.875
322,1984,5.0,0.33,10.0,4775836160.0,24970.838,1232900.75
323,1985,5.0,0.14,8.0,4861730816.0,25405.865,1258306.5
324,1986,5.0,0.21,14.0,4950063104.0,25744.014,1284050.625
325,1987,5.0,0.25,16.0,5040984576.0,26386.771,1310437.375
326,1988,5.0,0.44,18.0,5132294144.0,27166.314,1337603.625
327,1989,5.0,0.17,16.0,5223704064.0,27279.248,1364882.875
328,1990,5.0,0.45,26.0,5316175872.0,27634.754,1392517.75
329,1991,5.0,0.34,16.0,5406245888.0,28002.021,1420519.625
330,1992,5.0,0.31,18.0,5492686336.0,27470.73,1447990.375
331,1993,5.0,0.28,24.0,5577433600.0,27689.318,1475679.75
332,1994,5.0,0.28,19.0,5660727808.0,28265.32,1503945.0
333,1995,5.0,0.27,24.0,5743219712.0,28746.965,1532692.0
334,1996,5.0,0.27,15.0,5825145344.0,29444.461,1562136.5
335,1997,5.0,0.34,18.0,5906481152.0,31407.445,1593544.0
336,1998,5.0,0.68,27.0,5987312640.0,29699.977,1623243.875
337,1999,5.0,0.26,18.0,6067758592.0,30221.426,1653465.375
338,2000,5.0,0.35,38.0,6148898816.0,30569.545,1684035.0
339,2001,5.0,0.57,25.0,6230747136.0,30407.066,1714442.0
340,2002,5.0,0.64,33.0,6312407552.0,31458.27,1745900.25
341,2003,5.0,0.6,34.0,6393898496.0,33304.418,1779204.625
342,2004,5.0,0.37,24.0,6475751424.0,33998.957,1813203.625
343,2005,5.0,0.63,30.0,6558176256.0,34331.27,1847534.75
344,2006,5.0,0.47,34.0,6641416192.0,35666.414,1883201.375
345,2007,5.0,0.69,25.0,6725948416.0,35943.77,1919145.125
346,2008,5.0,0.49,32.0,6811597312.0,36728.855,1955874.0
347,2009,5.0,0.65,22.0,6898306048.0,36597.754,1992471.625
348,2010,5.0,0.75,31.0,6985603072.0,38202.047,2030673.75
349,2011,5.0,0.53,23.0,7073125376.0,39451.125,2070124.875
350,2012,5.0,0.78,27.0,7161697792.0,39833.223,2109958.0
351,2013,5.0,0.61,25.0,7250593280.0,39947.32,2149905.25
352,2014,5.0,0.86,19.0,7339013632.0,40495.234,2190400.75
353,2015,5.0,0.8,34.0,7426597376.0,40944.281,2231344.75
354,2016,5.0,0.95,29.0,7513474048.0,40052.039,2271397.0
355,2017,5.0,0.91,29.0,7599822336.0,40428.684,2311825.75
356,2018,5.0,0.82,35.0,7683789824.0,41007.867,2352833.5
357,2019,5.0,0.85,27.0,7764951040.0,41639.84,2394473.25
358,2020,5.0,1.01,35.0,7840952832.0,39321.844,2433795.25
359,2021,5.0,0.78,34.0,7909295104.0,41062.895,2474858.0
360,1950,6.0,-0.05,5.0,2499322112.0,11428.435,607670.188
361,1951,6.0,-0.07,0.0,2543130368.0,11978.877,619649.062
362,1952,6.0,-0.03,2.0,2590270976.0,12190.116,631839.125
363,1953,6.0,0.11,7.0,2640278784.0,12479.874,644319.0
364,1954,6.0,-0.19,1.0,2691979264.0,12793.677,657112.688
365,1955,6.0,-0.14,0.0,2746072064.0,13628.81,670741.5
366,1956,6.0,-0.16,1.0,2801002752.0,14315.245,685056.812
367,1957,6.0,0.16,1.0,2857866752.0,14768.167,699824.938
368,1958,6.0,-0.08,2.0,2916108032.0,15192.604,715017.562
369,1959,6.0,0.03,3.0,2970292224.0,15960.473,730978.0
370,1960,6.0,-0.04,2.0,3019233536.0,15955.755,746933.75
371,1961,6.0,0.11,4.0,3068370688.0,15524.516,762458.25
372,1962,6.0,0.03,0.0,3126686720.0,15643.748,778102.062
373,1963,6.0,0.05,1.0,3195779328.0,15924.23,794026.25
374,1964,6.0,-0.04,5.0,3267212288.0,16305.338,810331.625
375,1965,6.0,-0.08,7.0,3337112064.0,16384.297,826715.875
376,1966,6.0,0.01,7.0,3406416896.0,16714.65,843430.562
377,1967,6.0,-0.08,3.0,3475448064.0,17168.934,860599.5
378,1968,6.0,-0.09,5.0,3546810880.0,17888.312,878487.812
379,1969,6.0,0.03,0.0,3620655360.0,18433.381,896921.188
380,1970,6.0,-0.03,0.0,3695390208.0,19497.402,916418.562
381,1971,6.0,-0.16,6.0,3770163200.0,20091.359,936509.875
382,1972,6.0,0.04,11.0,3844800768.0,20819.232,957329.188
383,1973,6.0,0.19,5.0,3920251392.0,21533.803,978862.938
384,1974,6.0,-0.05,6.0,3995516928.0,21338.432,1000201.375
385,1975,6.0,-0.01,3.0,4069437184.0,21424.682,1021626.062
386,1976,6.0,-0.12,7.0,4142505728.0,22296.721,1043922.812
387,1977,6.0,0.27,7.0,4215772416.0,22910.027,1066832.875
388,1978,6.0,-0.01,8.0,4289657600.0,23300.564,1090133.375
389,1979,6.0,0.14,6.0,4365582848.0,23677.932,1113811.375
390,1980,6.0,0.2,14.0,4444007936.0,23585.891,1137397.25
391,1981,6.0,0.29,5.0,4524627456.0,23427.91,1160825.125
392,1982,6.0,0.05,17.0,4607984640.0,23293.379,1184118.5
393,1983,6.0,0.22,10.0,4691884032.0,23811.387,1207929.875
394,1984,6.0,0.02,10.0,4775836160.0,24970.838,1232900.75
395,1985,6.0,0.15,15.0,4861730816.0,25405.865,1258306.5
396,1986,6.0,0.12,13.0,4950063104.0,25744.014,1284050.625
397,1987,6.0,0.35,10.0,5040984576.0,26386.771,1310437.375
398,1988,6.0,0.4,20.0,5132294144.0,27166.314,1337603.625
399,1989,6.0,0.15,12.0,5223704064.0,27279.248,1364882.875
400,1990,6.0,0.37,25.0,5316175872.0,27634.754,1392517.75
401,1991,6.0,0.53,19.0,5406245888.0,28002.021,1420519.625
402,1992,6.0,0.26,15.0,5492686336.0,27470.73,1447990.375
403,1993,6.0,0.23,20.0,5577433600.0,27689.318,1475679.75
404,1994,6.0,0.43,18.0,5660727808.0,28265.32,1503945.0
405,1995,6.0,0.43,25.0,5743219712.0,28746.965,1532692.0
406,1996,6.0,0.29,16.0,5825145344.0,29444.461,1562136.5
407,1997,6.0,0.54,27.0,5906481152.0,31407.445,1593544.0
408,1998,6.0,0.77,17.0,5987312640.0,29699.977,1623243.875
409,1999,6.0,0.36,25.0,6067758592.0,30221.426,1653465.375
410,2000,6.0,0.4,46.0,6148898816.0,30569.545,1684035.0
411,2001,6.0,0.52,42.0,6230747136.0,30407.066,1714442.0
412,2002,6.0,0.53,25.0,6312407552.0,31458.27,1745900.25
413,2003,6.0,0.48,21.0,6393898496.0,33304.418,1779204.625
414,2004,6.0,0.44,39.0,6475751424.0,33998.957,1813203.625
415,2005,6.0,0.64,43.0,6558176256.0,34331.27,1847534.75
416,2006,6.0,0.66,36.0,6641416192.0,35666.414,1883201.375
417,2007,6.0,0.61,34.0,6725948416.0,35943.77,1919145.125
418,2008,6.0,0.48,19.0,6811597312.0,36728.855,1955874.0
419,2009,6.0,0.64,22.0,6898306048.0,36597.754,1992471.625
420,2010,6.0,0.68,33.0,6985603072.0,38202.047,2030673.75
421,2011,6.0,0.62,29.0,7073125376.0,39451.125,2070124.875
422,2012,6.0,0.64,33.0,7161697792.0,39833.223,2109958.0
423,2013,6.0,0.69,24.0,7250593280.0,39947.32,2149905.25
424,2014,6.0,0.67,27.0,7339013632.0,40495.234,2190400.75
425,2015,6.0,0.81,30.0,7426597376.0,40944.281,2231344.75
426,2016,6.0,0.8,35.0,7513474048.0,40052.039,2271397.0
427,2017,6.0,0.71,36.0,7599822336.0,40428.684,2311825.75
428,2018,6.0,0.77,29.0,7683789824.0,41007.867,2352833.5
429,2019,6.0,0.9,44.0,7764951040.0,41639.84,2394473.25
430,2020,6.0,0.91,47.0,7840952832.0,39321.844,2433795.25
431,2021,6.0,0.84,42.0,7909295104.0,41062.895,2474858.0
432,1950,7.0,-0.08,2.0,2499322112.0,11428.435,607670.188
433,1951,7.0,-0.01,2.0,2543130368.0,11978.877,619649.062
434,1952,7.0,0.04,2.0,2590270976.0,12190.116,631839.125
435,1953,7.0,0.01,4.0,2640278784.0,12479.874,644319.0
436,1954,7.0,-0.19,3.0,2691979264.0,12793.677,657112.688
437,1955,7.0,-0.11,0.0,2746072064.0,13628.81,670741.5
438,1956,7.0,-0.09,5.0,2801002752.0,14315.245,685056.812
439,1957,7.0,0.02,6.0,2857866752.0,14768.167,699824.938
440,1958,7.0,0.05,3.0,2916108032.0,15192.604,715017.562
441,1959,7.0,0.03,6.0,2970292224.0,15960.473,730978.0
442,1960,7.0,-0.04,3.0,3019233536.0,15955.755,746933.75
443,1961,7.0,0.01,2.0,3068370688.0,15524.516,762458.25
444,1962,7.0,0.02,3.0,3126686720.0,15643.748,778102.062
445,1963,7.0,0.06,4.0,3195779328.0,15924.23,794026.25
446,1964,7.0,-0.04,7.0,3267212288.0,16305.338,810331.625
447,1965,7.0,-0.13,8.0,3337112064.0,16384.297,826715.875
448,1966,7.0,0.08,8.0,3406416896.0,16714.65,843430.562
449,1967,7.0,0.02,8.0,3475448064.0,17168.934,860599.5
450,1968,7.0,-0.13,8.0,3546810880.0,17888.312,878487.812
451,1969,7.0,-0.04,8.0,3620655360.0,18433.381,896921.188
452,1970,7.0,0.01,5.0,3695390208.0,19497.402,916418.562
453,1971,7.0,-0.08,6.0,3770163200.0,20091.359,936509.875
454,1972,7.0,0.01,4.0,3844800768.0,20819.232,957329.188
455,1973,7.0,0.12,3.0,3920251392.0,21533.803,978862.938
456,1974,7.0,-0.03,9.0,3995516928.0,21338.432,1000201.375
457,1975,7.0,-0.01,7.0,4069437184.0,21424.682,1021626.062
458,1976,7.0,-0.1,8.0,4142505728.0,22296.721,1043922.812
459,1977,7.0,0.2,11.0,4215772416.0,22910.027,1066832.875
460,1978,7.0,0.04,6.0,4289657600.0,23300.564,1090133.375
461,1979,7.0,0.04,8.0,4365582848.0,23677.932,1113811.375
462,1980,7.0,0.22,19.0,4444007936.0,23585.891,1137397.25
463,1981,7.0,0.32,15.0,4524627456.0,23427.91,1160825.125
464,1982,7.0,0.15,8.0,4607984640.0,23293.379,1184118.5
465,1983,7.0,0.18,20.0,4691884032.0,23811.387,1207929.875
466,1984,7.0,0.19,13.0,4775836160.0,24970.838,1232900.75
467,1985,7.0,0.04,10.0,4861730816.0,25405.865,1258306.5
468,1986,7.0,0.11,16.0,4950063104.0,25744.014,1284050.625
469,1987,7.0,0.4,25.0,5040984576.0,26386.771,1310437.375
470,1988,7.0,0.33,17.0,5132294144.0,27166.314,1337603.625
471,1989,7.0,0.34,16.0,5223704064.0,27279.248,1364882.875
472,1990,7.0,0.45,21.0,5316175872.0,27634.754,1392517.75
473,1991,7.0,0.47,28.0,5406245888.0,28002.021,1420519.625
474,1992,7.0,0.08,24.0,5492686336.0,27470.73,1447990.375
475,1993,7.0,0.25,24.0,5577433600.0,27689.318,1475679.75
476,1994,7.0,0.3,35.0,5660727808.0,28265.32,1503945.0
477,1995,7.0,0.45,31.0,5743219712.0,28746.965,1532692.0
478,1996,7.0,0.36,35.0,5825145344.0,29444.461,1562136.5
479,1997,7.0,0.34,32.0,5906481152.0,31407.445,1593544.0
480,1998,7.0,0.66,26.0,5987312640.0,29699.977,1623243.875
481,1999,7.0,0.38,28.0,6067758592.0,30221.426,1653465.375
482,2000,7.0,0.39,52.0,6148898816.0,30569.545,1684035.0
483,2001,7.0,0.59,49.0,6230747136.0,30407.066,1714442.0
484,2002,7.0,0.61,45.0,6312407552.0,31458.27,1745900.25
485,2003,7.0,0.58,48.0,6393898496.0,33304.418,1779204.625
486,2004,7.0,0.26,46.0,6475751424.0,33998.957,1813203.625
487,2005,7.0,0.61,46.0,6558176256.0,34331.27,1847534.75
488,2006,7.0,0.54,59.0,6641416192.0,35666.414,1883201.375
489,2007,7.0,0.59,59.0,6725948416.0,35943.77,1919145.125
490,2008,7.0,0.6,37.0,6811597312.0,36728.855,1955874.0
491,2009,7.0,0.73,48.0,6898306048.0,36597.754,1992471.625
492,2010,7.0,0.63,43.0,6985603072.0,38202.047,2030673.75
493,2011,7.0,0.7,35.0,7073125376.0,39451.125,2070124.875
494,2012,7.0,0.58,25.0,7161697792.0,39833.223,2109958.0
495,2013,7.0,0.6,26.0,7250593280.0,39947.32,2149905.25
496,2014,7.0,0.58,27.0,7339013632.0,40495.234,2190400.75
497,2015,7.0,0.73,44.0,7426597376.0,40944.281,2231344.75
498,2016,7.0,0.84,28.0,7513474048.0,40052.039,2271397.0
499,2017,7.0,0.81,36.0,7599822336.0,40428.684,2311825.75
500,2018,7.0,0.82,40.0,7683789824.0,41007.867,2352833.5
501,2019,7.0,0.94,42.0,7764951040.0,41639.84,2394473.25
502,2020,7.0,0.89,22.0,7840952832.0,39321.844,2433795.25
503,2021,7.0,0.92,65.0,7909295104.0,41062.895,2474858.0
504,1950,8.0,-0.16,4.0,2499322112.0,11428.435,607670.188
505,1951,8.0,0.06,7.0,2543130368.0,11978.877,619649.062
506,1952,8.0,0.05,4.0,2590270976.0,12190.116,631839.125
507,1953,8.0,0.05,4.0,2640278784.0,12479.874,644319.0
508,1954,8.0,-0.18,6.0,2691979264.0,12793.677,657112.688
509,1955,8.0,0.02,2.0,2746072064.0,13628.81,670741.5
510,1956,8.0,-0.26,6.0,2801002752.0,14315.245,685056.812
511,1957,8.0,0.15,2.0,2857866752.0,14768.167,699824.938
512,1958,8.0,-0.05,2.0,2916108032.0,15192.604,715017.562
513,1959,8.0,-0.01,8.0,2970292224.0,15960.473,730978.0
514,1960,8.0,0.02,4.0,3019233536.0,15955.755,746933.75
515,1961,8.0,0.01,1.0,3068370688.0,15524.516,762458.25
516,1962,8.0,-0.01,7.0,3126686720.0,15643.748,778102.062
517,1963,8.0,0.23,2.0,3195779328.0,15924.23,794026.25
518,1964,8.0,-0.22,5.0,3267212288.0,16305.338,810331.625
519,1965,8.0,-0.04,7.0,3337112064.0,16384.297,826715.875
520,1966,8.0,-0.08,4.0,3406416896.0,16714.65,843430.562
521,1967,8.0,0.01,6.0,3475448064.0,17168.934,860599.5
522,1968,8.0,-0.09,11.0,3546810880.0,17888.312,878487.812
523,1969,8.0,0.04,6.0,3620655360.0,18433.381,896921.188
524,1970,8.0,-0.1,9.0,3695390208.0,19497.402,916418.562
525,1971,8.0,-0.01,6.0,3770163200.0,20091.359,936509.875
526,1972,8.0,0.16,2.0,3844800768.0,20819.232,957329.188
527,1973,8.0,0.05,6.0,3920251392.0,21533.803,978862.938
528,1974,8.0,0.1,6.0,3995516928.0,21338.432,1000201.375
529,1975,8.0,-0.17,5.0,4069437184.0,21424.682,1021626.062
530,1976,8.0,-0.12,7.0,4142505728.0,22296.721,1043922.812
531,1977,8.0,0.18,11.0,4215772416.0,22910.027,1066832.875
532,1978,8.0,-0.13,14.0,4289657600.0,23300.564,1090133.375
533,1979,8.0,0.17,16.0,4365582848.0,23677.932,1113811.375
534,1980,8.0,0.18,14.0,4444007936.0,23585.891,1137397.25
535,1981,8.0,0.35,10.0,4524627456.0,23427.91,1160825.125
536,1982,8.0,0.03,14.0,4607984640.0,23293.379,1184118.5
537,1983,8.0,0.35,16.0,4691884032.0,23811.387,1207929.875
538,1984,8.0,0.19,11.0,4775836160.0,24970.838,1232900.75
539,1985,8.0,0.16,21.0,4861730816.0,25405.865,1258306.5
540,1986,8.0,0.16,18.0,4950063104.0,25744.014,1284050.625
541,1987,8.0,0.25,16.0,5040984576.0,26386.771,1310437.375
542,1988,8.0,0.39,27.0,5132294144.0,27166.314,1337603.625
543,1989,8.0,0.33,16.0,5223704064.0,27279.248,1364882.875
544,1990,8.0,0.34,21.0,5316175872.0,27634.754,1392517.75
545,1991,8.0,0.39,28.0,5406245888.0,28002.021,1420519.625
546,1992,8.0,0.08,21.0,5492686336.0,27470.73,1447990.375
547,1993,8.0,0.11,24.0,5577433600.0,27689.318,1475679.75
548,1994,8.0,0.21,29.0,5660727808.0,28265.32,1503945.0
549,1995,8.0,0.45,19.0,5743219712.0,28746.965,1532692.0
550,1996,8.0,0.48,22.0,5825145344.0,29444.461,1562136.5
551,1997,8.0,0.41,34.0,5906481152.0,31407.445,1593544.0
552,1998,8.0,0.65,28.0,5987312640.0,29699.977,1623243.875
553,1999,8.0,0.31,39.0,6067758592.0,30221.426,1653465.375
554,2000,8.0,0.42,45.0,6148898816.0,30569.545,1684035.0
555,2001,8.0,0.49,44.0,6230747136.0,30407.066,1714442.0
556,2002,8.0,0.53,48.0,6312407552.0,31458.27,1745900.25
557,2003,8.0,0.64,39.0,6393898496.0,33304.418,1779204.625
558,2004,8.0,0.45,36.0,6475751424.0,33998.957,1813203.625
559,2005,8.0,0.6,44.0,6558176256.0,34331.27,1847534.75
560,2006,8.0,0.7,53.0,6641416192.0,35666.414,1883201.375
561,2007,8.0,0.6,65.0,6725948416.0,35943.77,1919145.125
562,2008,8.0,0.45,46.0,6811597312.0,36728.855,1955874.0
563,2009,8.0,0.69,29.0,6898306048.0,36597.754,1992471.625
564,2010,8.0,0.67,39.0,6985603072.0,38202.047,2030673.75
565,2011,8.0,0.75,46.0,7073125376.0,39451.125,2070124.875
566,2012,8.0,0.66,42.0,7161697792.0,39833.223,2109958.0
567,2013,8.0,0.7,35.0,7250593280.0,39947.32,2149905.25
568,2014,8.0,0.83,38.0,7339013632.0,40495.234,2190400.75
569,2015,8.0,0.79,41.0,7426597376.0,40944.281,2231344.75
570,2016,8.0,1.02,32.0,7513474048.0,40052.039,2271397.0
571,2017,8.0,0.87,46.0,7599822336.0,40428.684,2311825.75
572,2018,8.0,0.77,31.0,7683789824.0,41007.867,2352833.5
573,2019,8.0,0.95,32.0,7764951040.0,41639.84,2394473.25
574,2020,8.0,0.87,37.0,7840952832.0,39321.844,2433795.25
575,2021,8.0,0.82,35.0,7909295104.0,41062.895,2474858.0
576,1950,9.0,-0.11,4.0,2499322112.0,11428.435,607670.188
577,1951,9.0,0.05,1.0,2543130368.0,11978.877,619649.062
578,1952,9.0,0.07,3.0,2590270976.0,12190.116,631839.125
579,1953,9.0,0.04,3.0,2640278784.0,12479.874,644319.0
580,1954,9.0,-0.09,5.0,2691979264.0,12793.677,657112.688
581,1955,9.0,-0.11,8.0,2746072064.0,13628.81,670741.5
582,1956,9.0,-0.19,1.0,2801002752.0,14315.245,685056.812
583,1957,9.0,0.08,6.0,2857866752.0,14768.167,699824.938
584,1958,9.0,-0.02,4.0,2916108032.0,15192.604,715017.562
585,1959,9.0,-0.06,4.0,2970292224.0,15960.473,730978.0
586,1960,9.0,0.07,7.0,3019233536.0,15955.755,746933.75
587,1961,9.0,0.08,5.0,3068370688.0,15524.516,762458.25
588,1962,9.0,0.0,4.0,3126686720.0,15643.748,778102.062
589,1963,9.0,0.18,7.0,3195779328.0,15924.23,794026.25
590,1964,9.0,-0.29,9.0,3267212288.0,16305.338,810331.625
591,1965,9.0,-0.15,9.0,3337112064.0,16384.297,826715.875
592,1966,9.0,-0.03,14.0,3406416896.0,16714.65,843430.562
593,1967,9.0,-0.06,6.0,3475448064.0,17168.934,860599.5
594,1968,9.0,-0.19,6.0,3546810880.0,17888.312,878487.812
595,1969,9.0,0.08,10.0,3620655360.0,18433.381,896921.188
596,1970,9.0,0.12,15.0,3695390208.0,19497.402,916418.562
597,1971,9.0,-0.06,4.0,3770163200.0,20091.359,936509.875
598,1972,9.0,0.02,4.0,3844800768.0,20819.232,957329.188
599,1973,9.0,0.09,3.0,3920251392.0,21533.803,978862.938
600,1974,9.0,-0.08,3.0,3995516928.0,21338.432,1000201.375
601,1975,9.0,-0.02,5.0,4069437184.0,21424.682,1021626.062
602,1976,9.0,-0.06,6.0,4142505728.0,22296.721,1043922.812
603,1977,9.0,0.02,9.0,4215772416.0,22910.027,1066832.875
604,1978,9.0,0.06,8.0,4289657600.0,23300.564,1090133.375
605,1979,9.0,0.25,7.0,4365582848.0,23677.932,1113811.375
606,1980,9.0,0.2,11.0,4444007936.0,23585.891,1137397.25
607,1981,9.0,0.15,8.0,4524627456.0,23427.91,1160825.125
608,1982,9.0,0.14,10.0,4607984640.0,23293.379,1184118.5
609,1983,9.0,0.37,20.0,4691884032.0,23811.387,1207929.875
610,1984,9.0,0.21,16.0,4775836160.0,24970.838,1232900.75
611,1985,9.0,0.13,17.0,4861730816.0,25405.865,1258306.5
612,1986,9.0,0.03,10.0,4950063104.0,25744.014,1284050.625
613,1987,9.0,0.35,18.0,5040984576.0,26386.771,1310437.375
614,1988,9.0,0.37,20.0,5132294144.0,27166.314,1337603.625
615,1989,9.0,0.34,21.0,5223704064.0,27279.248,1364882.875
616,1990,9.0,0.23,10.0,5316175872.0,27634.754,1392517.75
617,1991,9.0,0.44,13.0,5406245888.0,28002.021,1420519.625
618,1992,9.0,-0.01,15.0,5492686336.0,27470.73,1447990.375
619,1993,9.0,0.11,25.0,5577433600.0,27689.318,1475679.75
620,1994,9.0,0.31,19.0,5660727808.0,28265.32,1503945.0
621,1995,9.0,0.33,37.0,5743219712.0,28746.965,1532692.0
622,1996,9.0,0.25,21.0,5825145344.0,29444.461,1562136.5
623,1997,9.0,0.52,24.0,5906481152.0,31407.445,1593544.0
624,1998,9.0,0.41,28.0,5987312640.0,29699.977,1623243.875
625,1999,9.0,0.38,33.0,6067758592.0,30221.426,1653465.375
626,2000,9.0,0.38,38.0,6148898816.0,30569.545,1684035.0
627,2001,9.0,0.51,24.0,6230747136.0,30407.066,1714442.0
628,2002,9.0,0.63,46.0,6312407552.0,31458.27,1745900.25
629,2003,9.0,0.62,23.0,6393898496.0,33304.418,1779204.625
630,2004,9.0,0.49,42.0,6475751424.0,33998.957,1813203.625
631,2005,9.0,0.71,39.0,6558176256.0,34331.27,1847534.75
632,2006,9.0,0.65,12.0,6641416192.0,35666.414,1883201.375
633,2007,9.0,0.6,37.0,6725948416.0,35943.77,1919145.125
634,2008,9.0,0.61,45.0,6811597312.0,36728.855,1955874.0
635,2009,9.0,0.71,45.0,6898306048.0,36597.754,1992471.625
636,2010,9.0,0.64,38.0,6985603072.0,38202.047,2030673.75
637,2011,9.0,0.56,27.0,7073125376.0,39451.125,2070124.875
638,2012,9.0,0.72,28.0,7161697792.0,39833.223,2109958.0
639,2013,9.0,0.76,43.0,7250593280.0,39947.32,2149905.25
640,2014,9.0,0.87,31.0,7339013632.0,40495.234,2190400.75
641,2015,9.0,0.85,37.0,7426597376.0,40944.281,2231344.75
642,2016,9.0,0.9,34.0,7513474048.0,40052.039,2271397.0
643,2017,9.0,0.76,48.0,7599822336.0,40428.684,2311825.75
644,2018,9.0,0.8,19.0,7683789824.0,41007.867,2352833.5
645,2019,9.0,0.92,31.0,7764951040.0,41639.84,2394473.25
646,2020,9.0,0.98,24.0,7840952832.0,39321.844,2433795.25
647,2021,9.0,0.92,29.0,7909295104.0,41062.895,2474858.0
648,1950,10.0,-0.2,1.0,2499322112.0,11428.435,607670.188
649,1951,10.0,0.08,3.0,2543130368.0,11978.877,619649.062
650,1952,10.0,0.0,4.0,2590270976.0,12190.116,631839.125
651,1953,10.0,0.08,2.0,2640278784.0,12479.874,644319.0
652,1954,10.0,-0.02,6.0,2691979264.0,12793.677,657112.688
653,1955,10.0,-0.05,1.0,2746072064.0,13628.81,670741.5
654,1956,10.0,-0.23,4.0,2801002752.0,14315.245,685056.812
655,1957,10.0,0.01,1.0,2857866752.0,14768.167,699824.938
656,1958,10.0,0.04,3.0,2916108032.0,15192.604,715017.562
657,1959,10.0,-0.07,2.0,2970292224.0,15960.473,730978.0
658,1960,10.0,0.06,5.0,3019233536.0,15955.755,746933.75
659,1961,10.0,0.0,5.0,3068370688.0,15524.516,762458.25
660,1962,10.0,0.01,3.0,3126686720.0,15643.748,778102.062
661,1963,10.0,0.15,7.0,3195779328.0,15924.23,794026.25
662,1964,10.0,-0.32,7.0,3267212288.0,16305.338,810331.625
663,1965,10.0,-0.05,1.0,3337112064.0,16384.297,826715.875
664,1966,10.0,-0.17,6.0,3406416896.0,16714.65,843430.562
665,1967,10.0,0.09,7.0,3475448064.0,17168.934,860599.5
666,1968,10.0,0.09,7.0,3546810880.0,17888.312,878487.812
667,1969,10.0,0.09,8.0,3620655360.0,18433.381,896921.188
668,1970,10.0,0.03,6.0,3695390208.0,19497.402,916418.562
669,1971,10.0,-0.04,5.0,3770163200.0,20091.359,936509.875
670,1972,10.0,0.08,4.0,3844800768.0,20819.232,957329.188
671,1973,10.0,0.1,6.0,3920251392.0,21533.803,978862.938
672,1974,10.0,-0.06,8.0,3995516928.0,21338.432,1000201.375
673,1975,10.0,-0.11,3.0,4069437184.0,21424.682,1021626.062
674,1976,10.0,-0.24,6.0,4142505728.0,22296.721,1043922.812
675,1977,10.0,0.03,10.0,4215772416.0,22910.027,1066832.875
676,1978,10.0,0.03,7.0,4289657600.0,23300.564,1090133.375
677,1979,10.0,0.26,9.0,4365582848.0,23677.932,1113811.375
678,1980,10.0,0.13,8.0,4444007936.0,23585.891,1137397.25
679,1981,10.0,0.12,9.0,4524627456.0,23427.91,1160825.125
680,1982,10.0,0.13,8.0,4607984640.0,23293.379,1184118.5
681,1983,10.0,0.17,15.0,4691884032.0,23811.387,1207929.875
682,1984,10.0,0.13,13.0,4775836160.0,24970.838,1232900.75
683,1985,10.0,0.12,17.0,4861730816.0,25405.865,1258306.5
684,1986,10.0,0.15,16.0,4950063104.0,25744.014,1284050.625
685,1987,10.0,0.33,15.0,5040984576.0,26386.771,1310437.375
686,1988,10.0,0.38,18.0,5132294144.0,27166.314,1337603.625
687,1989,10.0,0.29,13.0,5223704064.0,27279.248,1364882.875
688,1990,10.0,0.44,14.0,5316175872.0,27634.754,1392517.75
689,1991,10.0,0.29,13.0,5406245888.0,28002.021,1420519.625
690,1992,10.0,0.06,15.0,5492686336.0,27470.73,1447990.375
691,1993,10.0,0.23,19.0,5577433600.0,27689.318,1475679.75
692,1994,10.0,0.42,22.0,5660727808.0,28265.32,1503945.0
693,1995,10.0,0.47,23.0,5743219712.0,28746.965,1532692.0
694,1996,10.0,0.24,23.0,5825145344.0,29444.461,1562136.5
695,1997,10.0,0.61,21.0,5906481152.0,31407.445,1593544.0
696,1998,10.0,0.41,30.0,5987312640.0,29699.977,1623243.875
697,1999,10.0,0.34,32.0,6067758592.0,30221.426,1653465.375
698,2000,10.0,0.26,36.0,6148898816.0,30569.545,1684035.0
699,2001,10.0,0.5,35.0,6230747136.0,30407.066,1714442.0
700,2002,10.0,0.53,36.0,6312407552.0,31458.27,1745900.25
701,2003,10.0,0.72,20.0,6393898496.0,33304.418,1779204.625
702,2004,10.0,0.6,18.0,6475751424.0,33998.957,1813203.625
703,2005,10.0,0.75,42.0,6558176256.0,34331.27,1847534.75
704,2006,10.0,0.7,38.0,6641416192.0,35666.414,1883201.375
705,2007,10.0,0.58,36.0,6725948416.0,35943.77,1919145.125
706,2008,10.0,0.67,29.0,6811597312.0,36728.855,1955874.0
707,2009,10.0,0.65,14.0,6898306048.0,36597.754,1992471.625
708,2010,10.0,0.71,29.0,6985603072.0,38202.047,2030673.75
709,2011,10.0,0.65,24.0,7073125376.0,39451.125,2070124.875
710,2012,10.0,0.8,20.0,7161697792.0,39833.223,2109958.0
711,2013,10.0,0.69,23.0,7250593280.0,39947.32,2149905.25
712,2014,10.0,0.8,23.0,7339013632.0,40495.234,2190400.75
713,2015,10.0,1.09,31.0,7426597376.0,40944.281,2231344.75
714,2016,10.0,0.88,24.0,7513474048.0,40052.039,2271397.0
715,2017,10.0,0.9,20.0,7599822336.0,40428.684,2311825.75
716,2018,10.0,1.01,33.0,7683789824.0,41007.867,2352833.5
717,2019,10.0,1.0,41.0,7764951040.0,41639.84,2394473.25
718,2020,10.0,0.88,35.0,7840952832.0,39321.844,2433795.25
719,2021,10.0,0.99,40.0,7909295104.0,41062.895,2474858.0
720,1950,11.0,-0.34,2.0,2499322112.0,11428.435,607670.188
721,1951,11.0,-0.01,4.0,2543130368.0,11978.877,619649.062
722,1952,11.0,-0.13,4.0,2590270976.0,12190.116,631839.125
723,1953,11.0,-0.03,1.0,2640278784.0,12479.874,644319.0
724,1954,11.0,0.08,1.0,2691979264.0,12793.677,657112.688
725,1955,11.0,-0.25,3.0,2746072064.0,13628.81,670741.5
726,1956,11.0,-0.15,2.0,2801002752.0,14315.245,685056.812
727,1957,11.0,0.08,1.0,2857866752.0,14768.167,699824.938
728,1958,11.0,0.02,2.0,2916108032.0,15192.604,715017.562
729,1959,11.0,-0.08,0.0,2970292224.0,15960.473,730978.0
730,1960,11.0,-0.11,1.0,3019233536.0,15955.755,746933.75
731,1961,11.0,0.03,3.0,3068370688.0,15524.516,762458.25
732,1962,11.0,0.06,3.0,3126686720.0,15643.748,778102.062
733,1963,11.0,0.15,1.0,3195779328.0,15924.23,794026.25
734,1964,11.0,-0.21,1.0,3267212288.0,16305.338,810331.625
735,1965,11.0,-0.06,3.0,3337112064.0,16384.297,826715.875
736,1966,11.0,-0.01,5.0,3406416896.0,16714.65,843430.562
737,1967,11.0,-0.05,7.0,3475448064.0,17168.934,860599.5
738,1968,11.0,-0.05,5.0,3546810880.0,17888.312,878487.812
739,1969,11.0,0.12,1.0,3620655360.0,18433.381,896921.188
740,1970,11.0,0.02,7.0,3695390208.0,19497.402,916418.562
741,1971,11.0,-0.07,0.0,3770163200.0,20091.359,936509.875
742,1972,11.0,0.02,5.0,3844800768.0,20819.232,957329.188
743,1973,11.0,0.04,4.0,3920251392.0,21533.803,978862.938
744,1974,11.0,-0.08,5.0,3995516928.0,21338.432,1000201.375
745,1975,11.0,-0.17,2.0,4069437184.0,21424.682,1021626.062
746,1976,11.0,-0.06,9.0,4142505728.0,22296.721,1043922.812
747,1977,11.0,0.16,9.0,4215772416.0,22910.027,1066832.875
748,1978,11.0,0.14,7.0,4289657600.0,23300.564,1090133.375
749,1979,11.0,0.28,11.0,4365582848.0,23677.932,1113811.375
750,1980,11.0,0.3,10.0,4444007936.0,23585.891,1137397.25
751,1981,11.0,0.23,10.0,4524627456.0,23427.91,1160825.125
752,1982,11.0,0.18,10.0,4607984640.0,23293.379,1184118.5
753,1983,11.0,0.3,13.0,4691884032.0,23811.387,1207929.875
754,1984,11.0,0.07,16.0,4775836160.0,24970.838,1232900.75
755,1985,11.0,0.05,10.0,4861730816.0,25405.865,1258306.5
756,1986,11.0,0.1,8.0,4950063104.0,25744.014,1284050.625
757,1987,11.0,0.29,14.0,5040984576.0,26386.771,1310437.375
758,1988,11.0,0.12,14.0,5132294144.0,27166.314,1337603.625
759,1989,11.0,0.2,8.0,5223704064.0,27279.248,1364882.875
760,1990,11.0,0.46,11.0,5316175872.0,27634.754,1392517.75
761,1991,11.0,0.29,10.0,5406245888.0,28002.021,1420519.625
762,1992,11.0,0.03,10.0,5492686336.0,27470.73,1447990.375
763,1993,11.0,0.03,14.0,5577433600.0,27689.318,1475679.75
764,1994,11.0,0.44,22.0,5660727808.0,28265.32,1503945.0
765,1995,11.0,0.44,16.0,5743219712.0,28746.965,1532692.0
766,1996,11.0,0.38,18.0,5825145344.0,29444.461,1562136.5
767,1997,11.0,0.64,15.0,5906481152.0,31407.445,1593544.0
768,1998,11.0,0.43,17.0,5987312640.0,29699.977,1623243.875
769,1999,11.0,0.37,29.0,6067758592.0,30221.426,1653465.375
770,2000,11.0,0.3,34.0,6148898816.0,30569.545,1684035.0
771,2001,11.0,0.72,21.0,6230747136.0,30407.066,1714442.0
772,2002,11.0,0.58,26.0,6312407552.0,31458.27,1745900.25
773,2003,11.0,0.53,19.0,6393898496.0,33304.418,1779204.625
774,2004,11.0,0.72,24.0,6475751424.0,33998.957,1813203.625
775,2005,11.0,0.73,23.0,6558176256.0,34331.27,1847534.75
776,2006,11.0,0.73,21.0,6641416192.0,35666.414,1883201.375
777,2007,11.0,0.59,28.0,6725948416.0,35943.77,1919145.125
778,2008,11.0,0.68,31.0,6811597312.0,36728.855,1955874.0
779,2009,11.0,0.79,41.0,6898306048.0,36597.754,1992471.625
780,2010,11.0,0.81,28.0,6985603072.0,38202.047,2030673.75
781,2011,11.0,0.58,20.0,7073125376.0,39451.125,2070124.875
782,2012,11.0,0.78,15.0,7161697792.0,39833.223,2109958.0
783,2013,11.0,0.83,17.0,7250593280.0,39947.32,2149905.25
784,2014,11.0,0.66,21.0,7339013632.0,40495.234,2190400.75
785,2015,11.0,1.06,27.0,7426597376.0,40944.281,2231344.75
786,2016,11.0,0.92,26.0,7513474048.0,40052.039,2271397.0
787,2017,11.0,0.88,24.0,7599822336.0,40428.684,2311825.75
788,2018,11.0,0.82,12.0,7683789824.0,41007.867,2352833.5
789,2019,11.0,0.99,31.0,7764951040.0,41639.84,2394473.25
790,2020,11.0,1.1,37.0,7840952832.0,39321.844,2433795.25
791,2021,11.0,0.93,25.0,7909295104.0,41062.895,2474858.0
792,1950,12.0,-0.22,0.0,2499322112.0,11428.435,607670.188
793,1951,12.0,0.16,3.0,2543130368.0,11978.877,619649.062
794,1952,12.0,-0.02,4.0,2590270976.0,12190.116,631839.125
795,1953,12.0,0.05,4.0,2640278784.0,12479.874,644319.0
796,1954,12.0,-0.18,2.0,2691979264.0,12793.677,657112.688
797,1955,12.0,-0.28,3.0,2746072064.0,13628.81,670741.5
798,1956,12.0,-0.06,3.0,2801002752.0,14315.245,685056.812
799,1957,12.0,0.15,5.0,2857866752.0,14768.167,699824.938
800,1958,12.0,0.01,0.0,2916108032.0,15192.604,715017.562
801,1959,12.0,0.0,3.0,2970292224.0,15960.473,730978.0
802,1960,12.0,0.19,0.0,3019233536.0,15955.755,746933.75
803,1961,12.0,-0.16,1.0,3068370688.0,15524.516,762458.25
804,1962,12.0,-0.03,1.0,3126686720.0,15643.748,778102.062
805,1963,12.0,-0.03,2.0,3195779328.0,15924.23,794026.25
806,1964,12.0,-0.29,6.0,3267212288.0,16305.338,810331.625
807,1965,12.0,-0.08,6.0,3337112064.0,16384.297,826715.875
808,1966,12.0,-0.03,2.0,3406416896.0,16714.65,843430.562
809,1967,12.0,-0.05,6.0,3475448064.0,17168.934,860599.5
810,1968,12.0,-0.14,4.0,3546810880.0,17888.312,878487.812
811,1969,12.0,0.24,3.0,3620655360.0,18433.381,896921.188
812,1970,12.0,-0.12,7.0,3695390208.0,19497.402,916418.562
813,1971,12.0,-0.08,2.0,3770163200.0,20091.359,936509.875
814,1972,12.0,0.18,4.0,3844800768.0,20819.232,957329.188
815,1973,12.0,-0.07,6.0,3920251392.0,21533.803,978862.938
816,1974,12.0,-0.08,5.0,3995516928.0,21338.432,1000201.375
817,1975,12.0,-0.17,3.0,4069437184.0,21424.682,1021626.062
818,1976,12.0,0.11,4.0,4142505728.0,22296.721,1043922.812
819,1977,12.0,0.03,4.0,4215772416.0,22910.027,1066832.875
820,1978,12.0,0.08,9.0,4289657600.0,23300.564,1090133.375
821,1979,12.0,0.48,7.0,4365582848.0,23677.932,1113811.375
822,1980,12.0,0.22,6.0,4444007936.0,23585.891,1137397.25
823,1981,12.0,0.41,15.0,4524627456.0,23427.91,1160825.125
824,1982,12.0,0.42,13.0,4607984640.0,23293.379,1184118.5
825,1983,12.0,0.16,16.0,4691884032.0,23811.387,1207929.875
826,1984,12.0,-0.04,7.0,4775836160.0,24970.838,1232900.75
827,1985,12.0,0.14,4.0,4861730816.0,25405.865,1258306.5
828,1986,12.0,0.13,8.0,4950063104.0,25744.014,1284050.625
829,1987,12.0,0.46,12.0,5040984576.0,26386.771,1310437.375
830,1988,12.0,0.29,8.0,5132294144.0,27166.314,1337603.625
831,1989,12.0,0.37,7.0,5223704064.0,27279.248,1364882.875
832,1990,12.0,0.4,21.0,5316175872.0,27634.754,1392517.75
833,1991,12.0,0.32,14.0,5406245888.0,28002.021,1420519.625
834,1992,12.0,0.22,13.0,5492686336.0,27470.73,1447990.375
835,1993,12.0,0.18,24.0,5577433600.0,27689.318,1475679.75
836,1994,12.0,0.38,12.0,5660727808.0,28265.32,1503945.0
837,1995,12.0,0.26,21.0,5743219712.0,28746.965,1532692.0
838,1996,12.0,0.37,19.0,5825145344.0,29444.461,1562136.5
839,1997,12.0,0.59,15.0,5906481152.0,31407.445,1593544.0
840,1998,12.0,0.55,15.0,5987312640.0,29699.977,1623243.875
841,1999,12.0,0.41,33.0,6067758592.0,30221.426,1653465.375
842,2000,12.0,0.28,32.0,6148898816.0,30569.545,1684035.0
843,2001,12.0,0.56,31.0,6230747136.0,30407.066,1714442.0
844,2002,12.0,0.43,37.0,6312407552.0,31458.27,1745900.25
845,2003,12.0,0.75,36.0,6393898496.0,33304.418,1779204.625
846,2004,12.0,0.5,26.0,6475751424.0,33998.957,1813203.625
847,2005,12.0,0.68,39.0,6558176256.0,34331.27,1847534.75
848,2006,12.0,0.79,22.0,6641416192.0,35666.414,1883201.375
849,2007,12.0,0.49,25.0,6725948416.0,35943.77,1919145.125
850,2008,12.0,0.54,25.0,6811597312.0,36728.855,1955874.0
851,2009,12.0,0.67,31.0,6898306048.0,36597.754,1992471.625
852,2010,12.0,0.44,33.0,6985603072.0,38202.047,2030673.75
853,2011,12.0,0.6,30.0,7073125376.0,39451.125,2070124.875
854,2012,12.0,0.53,32.0,7161697792.0,39833.223,2109958.0
855,2013,12.0,0.69,38.0,7250593280.0,39947.32,2149905.25
856,2014,12.0,0.78,19.0,7339013632.0,40495.234,2190400.75
857,2015,12.0,1.16,17.0,7426597376.0,40944.281,2231344.75
858,2016,12.0,0.86,16.0,7513474048.0,40052.039,2271397.0
859,2017,12.0,0.93,12.0,7599822336.0,40428.684,2311825.75
860,2018,12.0,0.91,14.0,7683789824.0,41007.867,2352833.5
861,2019,12.0,1.09,33.0,7764951040.0,41639.84,2394473.25
862,2020,12.0,0.81,22.0,7840952832.0,39321.844,2433795.25
863,2021,12.0,0.85,20.0,7909295104.0,41062.895,2474858.0
